<?xml version="1.0" encoding="UTF-8"?>

<beans xmlns="http://www.springframework.org/schema/beans"
    xmlns:xsi="http://www.w3.org/2001/XMLSchema-instance"
    xmlns:jaxws="http://cxf.apache.org/jaxws"
    xmlns:cxf="http://cxf.apache.org/core"
    xsi:schemaLocation="http://www.springframework.org/schema/beans
                        http://www.springframework.org/schema/beans/spring-beans-2.0.xsd
                        http://cxf.apache.org/jaxws 
                        http://cxf.apache.org/schemas/jaxws.xsd
                        http://cxf.apache.org/core
                        http://cxf.apache.org/schemas/core.xsd">

  <import resource="classpath:META-INF/cxf/cxf.xml" />
  <import resource="classpath:META-INF/cxf/cxf-extension-soap.xml" />
  <import resource="classpath:META-INF/cxf/cxf-servlet.xml" /> 
  
  <cxf:bus>
    <cxf:features>
       <cxf:logging/>
    </cxf:features>
  </cxf:bus>

 <jaxws:endpoint
     id="billPaymentService"
     implementor="#bpImpl"
     address="/BillPaymentService"
     wsdlLocation="classpath:billpayment.wsdl"/>

  <bean id="bpImpl" class="com.xyz.wsdl.billpayment._2_2.BillPaymentPortTypeImpl">
  </bean>

</beans>
